Día,Mes,Año,Nombre
01,01,2015,Año Nuevo
06,01,2015,Día de los Reyes Magos
17,02,2015,Carnaval
24,03,2015,Día Nacional de la Memoria por la Verdad y la Justicia
03,04,2015,Viernes Santo
01,05,2015,Día del Trabajador
25,05,2015,Revolución de Mayo
20,06,2015,Día de la Bandera
09,07,2015,Día de la Independencia
08,12,2015,Día de la Virgen de Luján
25,12,2015,Navidad
01,01,2016,Año Nuevo
06,01,2016,Día de los Reyes Magos
08,02,2016,Carnaval
24,03,2016,Día Nacional de la Memoria por la Verdad y la Justicia
25,03,2016,Viernes Santo
01,05,2016,Día del Trabajador
25,05,2016,Revolución de Mayo
20,06,2016,Día de la Bandera
09,07,2016,Día de la Independencia
08,12,2016,Día de la Virgen de Luján
25,12,2016,Navidad
01,01,2017,Año Nuevo
06,01,2017,Día de los Reyes Magos
27,02,2017,Carnaval
24,03,2017,Día Nacional de la Memoria por la Verdad y la Justicia
14,04,2017,Viernes Santo
01,05,2017,Día del Trabajador
25,05,2017,Revolución de Mayo
20,06,2017,Día de la Bandera
09,07,2017,Día de la Independencia
08,12,2017,Día de la Virgen de Luján
25,12,2017,Navidad
01,01,2018,Año Nuevo
06,01,2018,Día de los Reyes Magos
12,02,2018,Carnaval
24,03,2018,Día Nacional de la Memoria por la Verdad y la Justicia
30,03,2018,Viernes Santo
01,05,2018,Día del Trabajador
25,05,2018,Revolución de Mayo
20,06,2018,Día de la Bandera
09,07,2018,Día de la Independencia
08,12,2018,Día de la Virgen de Luján
25,12,2018,Navidad